Timestamp,Curent L1 [A],Tensiune L1 [V],Putere [kW],Freq [Hz]
2025-11-09 21:23:14,1.45,229.2,0.3,49.94
2025-11-09 21:24:25,1.22,228.5,0.25,50.06
2025-11-09 22:23:14,3.6,227.9,0.74,50.09
2025-11-09 22:24:25,2.55,226.9,0.52,50.0
2025-11-09 23:23:14,3.0,229.9,0.62,49.98
2025-11-09 23:24:25,0.68,225.6,0.14,49.98
2025-11-10 00:23:14,2.22,229.5,0.46,49.95
2025-11-10 00:24:25,1.93,226.0,0.39,50.08
2025-11-10 01:23:14,3.92,228.8,0.81,50.05
2025-11-10 01:24:25,2.15,229.2,0.44,49.92
2025-11-10 02:23:14,3.86,233.5,0.81,50.06
2025-11-10 02:24:25,2.75,228.0,0.56,49.97
2025-11-10 03:23:14,1.5,230.3,0.31,50.02
2025-11-10 03:24:25,2.14,232.8,0.45,50.02
2025-11-10 04:23:14,2.77,234.3,0.58,50.01
2025-11-10 04:24:25,1.05,234.7,0.22,50.09
2025-11-10 05:23:14,2.67,226.5,0.54,49.94
2025-11-10 05:24:25,2.87,228.6,0.59,50.0
2025-11-10 06:23:14,3.18,229.6,0.66,50.06
2025-11-10 06:24:25,2.3,226.7,0.47,50.03
2025-11-10 07:23:14,2.63,233.6,0.55,50.03
2025-11-10 07:24:25,1.16,225.3,0.24,49.99
2025-11-10 08:23:14,13.59,228.5,2.79,50.03
2025-11-10 08:24:25,10.93,228.3,2.25,50.05
2025-11-10 09:23:14,14.36,227.2,2.94,50.08
2025-11-10 09:24:25,11.57,233.4,2.43,49.98
2025-11-10 10:23:14,5.17,234.1,1.09,50.1
2025-11-10 10:24:25,6.62,228.6,1.36,50.08
2025-11-10 11:23:14,11.99,225.4,2.43,50.0
2025-11-10 11:24:25,14.45,227.1,2.95,49.99
2025-11-10 12:23:14,10.54,232.8,2.21,50.06
2025-11-10 12:24:25,13.32,232.8,2.79,50.05
2025-11-10 13:23:14,11.48,234.6,2.42,50.02
2025-11-10 13:24:25,12.43,228.8,2.56,50.0
2025-11-10 14:23:14,11.16,232.5,2.34,49.91
2025-11-10 14:24:25,10.04,233.2,2.11,50.04
2025-11-10 15:23:14,13.34,234.2,2.81,50.07
2025-11-10 15:24:25,5.91,227.2,1.21,49.95
2025-11-10 16:23:14,13.19,233.8,2.78,50.03
2025-11-10 16:24:25,13.75,230.7,2.85,49.96
2025-11-10 17:23:14,8.84,234.3,1.86,50.02
2025-11-10 17:24:25,5.89,233.1,1.24,49.94
2025-11-10 18:23:14,10.29,231.2,2.14,50.0
2025-11-10 18:24:25,9.9,231.8,2.07,50.01
2025-11-10 19:23:14,10.15,232.9,2.13,50.08
2025-11-10 19:24:25,6.47,234.2,1.36,49.92
2025-11-10 20:23:14,5.19,228.8,1.07,49.92
2025-11-10 20:24:25,10.31,234.2,2.17,50.02
2025-11-10 21:23:14,0.76,226.3,0.15,50.09
2025-11-10 21:24:25,3.91,228.6,0.8,50.08
2025-11-10 22:23:14,3.65,225.0,0.74,50.08
2025-11-10 22:24:25,2.87,227.4,0.59,50.02
2025-11-10 23:23:14,3.96,232.8,0.83,49.92
2025-11-10 23:24:25,1.76,228.3,0.36,50.04
2025-11-11 00:23:14,0.76,234.5,0.16,50.07
2025-11-11 00:24:25,2.94,225.6,0.6,49.92
2025-11-11 01:23:14,2.75,228.2,0.56,49.98
2025-11-11 01:24:25,3.9,231.6,0.81,49.96
2025-11-11 02:23:14,3.21,230.0,0.66,49.92
2025-11-11 02:24:25,1.79,232.1,0.37,50.08
2025-11-11 03:23:14,3.16,225.3,0.64,50.08
2025-11-11 03:24:25,3.33,233.7,0.7,50.1
2025-11-11 04:23:14,1.86,233.7,0.39,49.99
2025-11-11 04:24:25,0.5,229.3,0.1,49.97
2025-11-11 05:23:14,2.62,233.9,0.55,50.01
2025-11-11 05:24:25,3.18,232.9,0.67,49.92
2025-11-11 06:23:14,0.65,228.4,0.13,50.08
2025-11-11 06:24:25,1.59,232.2,0.33,49.98
2025-11-11 07:23:14,3.94,232.6,0.82,50.07
2025-11-11 07:24:25,3.09,226.1,0.63,50.05
2025-11-11 08:23:14,10.72,225.1,2.17,50.07
2025-11-11 08:24:25,7.57,226.5,1.54,50.03
2025-11-11 09:23:14,6.98,232.0,1.46,49.95
2025-11-11 09:24:25,7.2,233.2,1.51,50.07
2025-11-11 10:23:14,7.52,225.5,1.53,49.92
2025-11-11 10:24:25,9.72,229.7,2.01,50.0
2025-11-11 11:23:14,9.87,234.4,2.08,50.01
2025-11-11 11:24:25,6.39,231.6,1.33,49.93
2025-11-11 12:23:14,12.93,227.0,2.64,49.92
2025-11-11 12:24:25,8.74,226.9,1.78,49.95
2025-11-11 13:23:14,6.41,232.3,1.34,49.98
2025-11-11 13:24:25,10.95,227.4,2.24,49.95
2025-11-11 14:23:14,11.1,229.9,2.3,50.02
2025-11-11 14:24:25,6.23,232.5,1.3,49.97
2025-11-11 15:23:14,6.02,225.1,1.22,50.01
2025-11-11 15:24:25,9.48,234.6,2.0,49.96
2025-11-11 16:23:14,5.91,225.3,1.2,49.98
2025-11-11 16:24:25,13.08,228.3,2.69,49.98
2025-11-11 17:23:14,9.35,226.0,1.9,49.98
2025-11-11 17:24:25,7.09,231.2,1.48,50.06
2025-11-11 18:23:14,13.94,233.7,2.93,49.94
2025-11-11 18:24:25,14.59,233.3,3.06,49.95
2025-11-11 19:23:14,12.76,232.3,2.67,50.01
2025-11-11 19:24:25,13.68,230.3,2.84,49.93
2025-11-11 20:23:14,7.88,230.3,1.63,50.06
2025-11-11 20:24:25,5.17,234.6,1.09,49.98
2025-11-11 21:23:14,1.32,229.3,0.27,50.06
2025-11-11 21:24:25,0.58,226.1,0.12,50.04
2025-11-11 22:23:14,3.08,230.2,0.64,50.06
2025-11-11 22:24:25,3.83,226.8,0.78,49.96
2025-11-11 23:23:14,1.95,226.6,0.4,49.92
2025-11-11 23:24:25,0.79,227.8,0.16,50.04
2025-11-12 00:23:14,2.36,225.6,0.48,49.96
2025-11-12 00:24:25,1.34,234.4,0.28,50.04
2025-11-12 01:23:14,1.6,233.8,0.34,49.96
2025-11-12 01:24:25,0.9,225.2,0.18,50.01
2025-11-12 02:23:14,3.73,234.6,0.79,49.98
2025-11-12 02:24:25,2.45,232.2,0.51,49.91
2025-11-12 03:23:14,1.83,233.4,0.38,49.92
2025-11-12 03:24:25,2.0,230.1,0.41,49.94
2025-11-12 04:23:14,0.7,226.6,0.14,50.09
2025-11-12 04:24:25,0.6,233.8,0.13,50.06
2025-11-12 05:23:14,2.62,230.1,0.54,49.91
2025-11-12 05:24:25,3.83,227.8,0.79,50.09
2025-11-12 06:23:14,2.02,226.7,0.41,49.94
2025-11-12 06:24:25,1.83,232.4,0.38,50.06
2025-11-12 07:23:14,2.17,227.6,0.44,49.98
2025-11-12 07:24:25,1.84,226.8,0.38,50.0
2025-11-12 08:23:14,9.39,225.7,1.91,50.02
2025-11-12 08:24:25,13.08,232.0,2.73,49.95
2025-11-12 09:23:14,7.41,225.3,1.5,49.98
2025-11-12 09:24:25,8.78,227.6,1.8,49.93
2025-11-12 10:23:14,11.16,234.5,2.36,50.0
2025-11-12 10:24:25,14.0,230.3,2.9,50.01
2025-11-12 11:09:13,0.0,,0.0,0.0
2025-11-12 11:19:34,0.0,,0.0,0.0
2025-11-12 11:23:14,14.15,231.8,2.95,50.09
2025-11-12 11:24:25,11.28,232.7,2.36,49.97
2025-11-12 11:33:58,0.0,,0.0,0.0
2025-11-12 11:38:06,0.0,,0.0,0.0
2025-11-12 11:45:15,0.0,,0.0,0.0
2025-11-12 11:45:54,0.0,,0.0,0.0
2025-11-12 11:47:12,0.0,,0.0,0.0
2025-11-12 11:48:30,0.0,,0.0,0.0
2025-11-12 11:49:48,0.0,,0.0,0.0
2025-11-12 11:51:06,0.0,,0.0,0.0
2025-11-12 11:52:24,0.0,,0.0,0.0
2025-11-12 12:23:14,10.07,228.0,2.07,50.05
2025-11-12 12:24:25,7.26,231.2,1.51,50.09
2025-11-12 13:23:14,9.78,227.8,2.01,50.01
2025-11-12 13:24:25,11.57,228.0,2.37,49.99
2025-11-12 14:23:14,14.02,231.7,2.92,50.04
2025-11-12 14:24:25,10.81,229.4,2.23,49.98
2025-11-12 15:23:14,8.81,225.9,1.79,50.03
2025-11-12 15:24:25,6.04,227.7,1.24,49.98
2025-11-12 16:23:14,13.44,225.4,2.73,49.92
2025-11-12 16:24:25,10.77,227.1,2.2,49.91
2025-11-12 17:23:14,8.1,234.3,1.71,49.96
2025-11-12 17:24:25,12.23,225.3,2.48,49.98
2025-11-12 18:23:14,10.49,225.2,2.13,49.95
2025-11-12 18:24:25,14.31,225.4,2.9,49.94
2025-11-12 19:23:14,6.73,233.0,1.41,50.01
2025-11-12 19:24:25,12.95,225.3,2.63,50.09
2025-11-12 20:23:14,8.02,228.7,1.65,49.96
2025-11-12 20:24:25,7.27,230.7,1.51,50.0
2025-11-12 21:23:14,0.96,227.0,0.2,49.95
2025-11-12 21:24:25,0.6,226.8,0.12,49.91
2025-11-12 22:23:14,0.71,228.2,0.15,49.99
2025-11-12 22:24:25,3.97,232.6,0.83,50.03
2025-11-12 23:23:14,1.29,225.7,0.26,50.04
2025-11-12 23:24:25,1.13,227.4,0.23,49.96
2025-11-13 00:23:14,1.55,228.8,0.32,49.93
2025-11-13 00:24:25,3.98,231.8,0.83,50.07
2025-11-13 01:23:14,2.87,226.4,0.58,49.97
2025-11-13 01:24:25,1.53,227.0,0.31,49.98
2025-11-13 02:23:14,1.72,226.0,0.35,50.01
2025-11-13 02:24:25,2.51,231.5,0.52,49.97
2025-11-13 03:23:14,0.79,233.1,0.17,49.9
2025-11-13 03:24:25,2.65,228.1,0.54,49.95
2025-11-13 04:23:14,3.97,228.2,0.82,49.92
2025-11-13 04:24:25,3.3,226.4,0.67,50.08
2025-11-13 05:23:14,3.74,231.5,0.78,50.01
2025-11-13 05:24:25,3.59,233.0,0.75,49.98
2025-11-13 06:23:14,1.97,232.1,0.41,49.94
2025-11-13 06:24:25,3.71,228.1,0.76,49.96
2025-11-13 07:23:14,2.62,227.6,0.54,50.02
2025-11-13 07:24:25,0.6,225.5,0.12,50.01
2025-11-13 08:23:14,13.41,228.5,2.76,49.94
2025-11-13 08:24:25,14.76,227.0,3.02,49.93
2025-11-13 09:23:14,13.51,226.2,2.75,50.04
2025-11-13 09:24:25,6.33,228.9,1.3,50.01
2025-11-13 10:23:14,8.71,231.9,1.82,50.07
2025-11-13 10:24:25,6.93,225.7,1.41,49.99
2025-11-13 11:23:14,13.0,234.7,2.75,50.04
2025-11-13 11:24:25,7.22,228.4,1.48,50.01
2025-11-13 12:23:14,10.49,233.3,2.2,49.94
2025-11-13 12:24:25,7.19,228.6,1.48,49.92
2025-11-13 13:23:14,8.7,230.7,1.81,50.1
2025-11-13 13:24:25,7.68,231.6,1.6,49.93
2025-11-13 14:23:14,6.2,228.3,1.27,49.92
2025-11-13 14:24:25,5.25,230.7,1.09,49.96
2025-11-13 15:23:14,11.13,229.0,2.29,50.0
2025-11-13 15:24:25,12.3,229.5,2.54,49.94
2025-11-13 16:23:14,13.33,226.2,2.71,50.02
2025-11-13 16:24:25,5.65,226.9,1.15,49.98
2025-11-13 17:23:14,8.61,228.8,1.77,49.94
2025-11-13 17:24:25,6.97,234.4,1.47,50.03
2025-11-13 18:23:14,10.82,235.0,2.29,50.01
2025-11-13 18:24:25,12.0,227.7,2.46,50.05
2025-11-13 19:23:14,7.52,228.2,1.54,50.05
2025-11-13 19:24:25,6.87,233.0,1.44,49.92
2025-11-13 20:23:14,13.9,231.4,2.89,50.01
2025-11-13 20:24:25,10.21,233.7,2.15,50.08
2025-11-13 21:23:14,1.22,231.5,0.25,49.98
2025-11-13 21:24:25,1.82,229.9,0.38,50.0
2025-11-13 22:23:14,2.93,229.3,0.6,49.98
2025-11-13 22:24:25,0.53,225.2,0.11,50.05
2025-11-13 23:23:14,1.13,227.2,0.23,50.0
2025-11-13 23:24:25,1.05,229.0,0.22,50.03
2025-11-14 00:23:14,2.8,227.4,0.57,49.97
2025-11-14 00:24:25,3.63,226.4,0.74,50.07
2025-11-14 01:23:14,2.87,228.8,0.59,49.93
2025-11-14 01:24:25,3.02,228.3,0.62,50.06
2025-11-14 02:23:14,1.75,228.7,0.36,49.92
2025-11-14 02:24:25,2.27,233.0,0.48,50.01
2025-11-14 03:23:14,0.85,232.3,0.18,50.09
2025-11-14 03:24:25,2.68,227.1,0.55,49.96
2025-11-14 04:23:14,2.75,233.4,0.58,50.07
2025-11-14 04:24:25,1.31,230.5,0.27,49.97
2025-11-14 05:23:14,3.84,232.7,0.8,49.96
2025-11-14 05:24:25,2.41,231.9,0.5,50.08
2025-11-14 06:23:14,3.9,227.2,0.8,50.06
2025-11-14 06:24:25,3.14,230.9,0.65,50.01
2025-11-14 07:23:14,3.58,234.1,0.75,50.05
2025-11-14 07:24:25,0.8,230.2,0.17,49.98
2025-11-14 08:23:14,5.85,233.8,1.23,50.04
2025-11-14 08:24:25,10.67,232.7,2.23,50.08
2025-11-14 09:23:14,11.98,233.4,2.52,50.02
2025-11-14 09:24:25,14.47,227.2,2.96,50.06
2025-11-14 10:23:14,7.97,228.6,1.64,50.01
2025-11-14 10:24:25,12.06,233.1,2.53,49.97
2025-11-14 11:23:14,5.44,231.0,1.13,49.92
2025-11-14 11:24:25,12.33,225.5,2.5,50.1
2025-11-14 12:23:14,9.14,227.6,1.87,49.91
2025-11-14 12:24:25,10.39,227.3,2.13,50.09
2025-11-14 13:23:14,9.72,233.4,2.04,50.09
2025-11-14 13:24:25,11.95,230.1,2.47,50.1
2025-11-14 14:23:14,11.32,229.0,2.33,49.92
2025-11-14 14:24:25,8.44,229.8,1.75,50.07
2025-11-14 15:23:14,5.61,225.1,1.14,49.98
2025-11-14 15:24:25,7.54,230.1,1.56,50.05
2025-11-14 16:23:14,5.34,234.9,1.13,49.92
2025-11-14 16:24:25,8.21,234.5,1.73,50.03
2025-11-14 17:23:14,7.34,232.6,1.54,50.04
2025-11-14 17:24:25,13.84,230.2,2.87,49.91
2025-11-14 18:23:14,12.54,231.3,2.61,49.97
2025-11-14 18:24:25,5.59,231.5,1.16,50.03
2025-11-14 19:23:14,9.94,227.3,2.03,50.01
2025-11-14 19:24:25,11.53,226.1,2.35,50.04
2025-11-14 20:23:14,11.76,230.3,2.44,50.02
2025-11-14 20:24:25,9.88,234.0,2.08,50.07
2025-11-14 21:23:14,2.18,233.2,0.46,49.98
2025-11-14 21:24:25,2.62,229.4,0.54,50.0
2025-11-14 22:23:14,0.55,229.7,0.11,50.02
2025-11-14 22:24:25,3.77,226.5,0.77,50.07
2025-11-14 23:23:14,3.52,229.2,0.73,50.08
2025-11-14 23:24:25,1.88,225.7,0.38,50.01
2025-11-15 00:23:14,3.18,226.0,0.65,49.9
2025-11-15 00:24:25,1.6,227.2,0.33,49.95
2025-11-15 01:23:14,2.9,226.0,0.59,49.98
2025-11-15 01:24:25,1.18,227.3,0.24,50.0
2025-11-15 02:23:14,3.14,231.4,0.65,49.91
2025-11-15 02:24:25,1.94,229.8,0.4,50.06
2025-11-15 03:23:14,2.02,229.0,0.42,50.08
2025-11-15 03:24:25,2.38,230.8,0.49,49.95
2025-11-15 04:23:14,3.37,230.0,0.7,50.0
2025-11-15 04:24:25,3.14,227.2,0.64,50.06
2025-11-15 05:23:14,2.73,230.1,0.57,49.98
2025-11-15 05:24:25,2.27,225.3,0.46,49.9
2025-11-15 06:23:14,3.51,228.3,0.72,50.09
2025-11-15 06:24:25,1.77,228.8,0.36,50.06
2025-11-15 07:23:14,1.83,230.1,0.38,50.06
2025-11-15 07:24:25,3.26,233.2,0.68,50.07
2025-11-15 08:23:14,10.64,234.1,2.24,50.07
2025-11-15 08:24:25,10.91,229.4,2.25,49.97
2025-11-15 09:23:14,14.42,230.6,2.99,49.96
2025-11-15 09:24:25,11.08,230.0,2.29,49.94
2025-11-15 10:23:14,11.14,230.8,2.31,50.03
2025-11-15 10:24:25,8.6,233.9,1.81,50.09
2025-11-15 11:23:14,12.81,232.0,2.67,50.08
2025-11-15 11:24:25,12.27,229.7,2.54,50.01
2025-11-15 12:23:14,8.75,234.5,1.85,49.95
2025-11-15 12:24:25,10.27,231.3,2.14,49.97
2025-11-15 13:23:14,6.59,234.7,1.39,49.98
2025-11-15 13:24:25,9.14,229.8,1.89,50.0
2025-11-15 14:23:14,9.83,231.3,2.05,49.96
2025-11-15 14:24:25,8.63,227.7,1.77,49.96
2025-11-15 15:23:14,12.13,233.8,2.55,50.08
2025-11-15 15:24:25,12.9,228.1,2.65,50.08
2025-11-15 16:23:14,13.99,234.2,2.95,50.04
2025-11-15 16:24:25,14.04,226.7,2.86,50.03
2025-11-15 17:23:14,13.22,230.3,2.74,49.93
2025-11-15 17:24:25,12.52,226.2,2.55,49.91
2025-11-15 18:23:14,8.93,227.9,1.83,50.09
2025-11-15 18:24:25,8.26,233.7,1.74,50.08
2025-11-15 19:23:14,11.97,234.3,2.52,50.0
2025-11-15 19:24:25,10.21,225.4,2.07,50.09
2025-11-15 20:23:14,5.11,228.2,1.05,50.08
2025-11-15 20:24:25,14.52,226.1,2.95,50.05
2025-11-15 21:23:14,2.17,229.2,0.45,49.91
2025-11-15 21:24:25,2.2,234.2,0.46,49.99
2025-11-15 22:23:14,1.63,230.0,0.34,50.05
2025-11-15 22:24:25,1.39,229.0,0.29,49.91
2025-11-15 23:23:14,3.39,225.6,0.69,50.09
2025-11-15 23:24:25,0.91,234.7,0.19,50.1
2025-11-16 00:23:14,3.05,228.7,0.63,49.97
2025-11-16 00:24:25,3.93,233.3,0.83,49.91
2025-11-16 01:23:14,0.51,225.0,0.1,49.9
2025-11-16 01:24:25,1.86,233.3,0.39,49.96
2025-11-16 02:23:14,1.64,231.2,0.34,49.93
2025-11-16 02:24:25,2.43,225.7,0.49,49.95
2025-11-16 03:23:14,1.21,232.2,0.25,50.0
2025-11-16 03:24:25,2.9,234.8,0.61,49.98
2025-11-16 04:23:14,1.84,231.5,0.38,50.04
2025-11-16 04:24:25,3.87,225.4,0.79,49.94
2025-11-16 05:23:14,2.17,231.5,0.45,50.0
2025-11-16 05:24:25,2.97,227.0,0.61,50.05
2025-11-16 06:23:14,0.52,225.0,0.11,50.0
2025-11-16 06:24:25,3.91,230.9,0.81,49.98
2025-11-16 07:23:14,3.41,234.8,0.72,49.93
2025-11-16 07:24:25,1.51,230.4,0.31,49.99
2025-11-16 08:23:14,7.27,225.1,1.47,49.94
2025-11-16 08:24:25,7.77,229.3,1.6,50.08
2025-11-16 09:23:14,8.04,227.3,1.64,49.95
2025-11-16 09:24:25,12.4,233.5,2.61,50.1
2025-11-16 10:23:14,9.84,227.6,2.02,49.98
2025-11-16 10:24:25,5.62,228.3,1.15,49.9
2025-11-16 11:23:14,6.22,228.5,1.28,50.08
2025-11-16 11:24:25,6.87,234.9,1.45,50.02
2025-11-16 12:23:14,5.5,233.6,1.16,50.05
2025-11-16 12:24:25,9.13,228.6,1.88,50.03
2025-11-16 13:23:14,12.41,225.1,2.51,49.95
2025-11-16 13:24:25,12.47,230.9,2.59,50.03
2025-11-16 14:23:14,10.74,227.3,2.2,49.97
2025-11-16 14:24:25,8.57,229.4,1.77,50.03
2025-11-16 15:23:14,14.64,230.4,3.04,49.92
2025-11-16 15:24:25,11.81,225.2,2.39,49.91
2025-11-16 16:23:14,5.85,231.2,1.22,49.95
2025-11-16 16:24:25,7.88,232.7,1.65,50.05
2025-11-16 17:23:14,11.37,232.7,2.38,50.09
2025-11-16 17:24:25,10.91,231.6,2.27,49.98
2025-11-16 18:23:14,5.12,233.3,1.08,50.06
2025-11-16 18:24:25,8.36,227.9,1.71,49.95
2025-11-16 19:23:14,9.08,230.5,1.88,50.08
2025-11-16 19:24:25,11.71,225.7,2.38,49.91
2025-11-16 20:23:14,8.33,227.0,1.7,49.91
2025-11-16 20:24:25,7.5,234.4,1.58,49.98
2025-11-16 21:23:14,0.71,228.1,0.15,50.04
2025-11-16 21:24:25,2.63,225.1,0.53,49.99
2025-11-16 22:23:14,2.8,227.6,0.57,50.04
2025-11-16 22:24:25,3.69,231.8,0.77,50.08
2025-11-16 23:23:14,3.56,228.4,0.73,49.91
2025-11-16 23:24:25,0.58,234.2,0.12,49.98
2025-11-17 00:23:14,3.8,228.8,0.78,50.04
2025-11-17 00:24:25,1.98,227.1,0.4,50.06
2025-11-17 01:23:14,3.32,231.6,0.69,49.92
2025-11-17 01:24:25,3.07,228.1,0.63,50.02
2025-11-17 02:23:14,0.53,230.4,0.11,49.93
2025-11-17 02:24:25,3.53,225.4,0.72,50.01
2025-11-17 03:23:14,2.43,228.5,0.5,49.96
2025-11-17 03:24:25,2.8,230.6,0.58,50.1
2025-11-17 04:23:14,1.25,226.2,0.25,49.99
2025-11-17 04:24:25,1.45,232.0,0.3,50.04
2025-11-17 05:23:14,0.96,227.2,0.2,49.98
2025-11-17 05:24:25,1.29,234.6,0.27,49.97
2025-11-17 06:23:14,1.41,228.2,0.29,49.95
2025-11-17 06:24:25,3.69,233.8,0.78,50.09
2025-11-17 07:23:14,3.37,226.1,0.69,50.01
2025-11-17 07:24:25,3.58,229.9,0.74,49.95
2025-11-17 08:23:14,9.67,234.2,2.04,49.95
2025-11-17 08:24:25,13.15,225.4,2.67,49.94
2025-11-17 09:23:14,5.3,231.3,1.1,50.08
2025-11-17 09:24:25,5.92,230.9,1.23,50.04
2025-11-17 10:23:14,6.5,232.8,1.36,49.97
2025-11-17 10:24:25,6.46,230.9,1.34,49.99
2025-11-17 11:23:14,9.99,233.6,2.1,49.95
2025-11-17 11:24:25,11.32,225.5,2.3,49.95
2025-11-17 12:23:14,5.42,231.6,1.13,50.08
2025-11-17 12:24:25,14.78,232.1,3.09,49.91
2025-11-17 13:23:14,9.5,233.7,2.0,50.09
2025-11-17 13:24:25,7.0,229.0,1.44,49.97
2025-11-17 14:23:14,10.85,234.1,2.29,49.94
2025-11-17 14:24:25,9.17,231.8,1.91,50.02
2025-11-17 15:23:14,7.56,234.6,1.6,49.98
2025-11-17 15:24:25,5.96,234.2,1.26,49.9
2025-11-17 16:23:14,6.97,232.3,1.46,50.04
2025-11-17 16:24:25,5.8,232.6,1.21,50.09
2025-11-17 17:23:14,10.61,230.9,2.2,49.98
2025-11-17 17:24:25,14.67,229.5,3.03,49.93
2025-11-17 18:23:14,14.12,229.1,2.91,50.06
2025-11-17 18:24:25,9.17,228.7,1.89,50.06
2025-11-17 19:23:14,9.92,232.9,2.08,49.91
2025-11-17 19:24:25,8.1,233.9,1.71,50.01
2025-11-17 20:23:14,5.15,228.4,1.06,50.06
2025-11-17 20:24:25,14.95,231.9,3.12,50.02
2025-11-17 21:23:14,0.98,231.3,0.2,50.1
2025-11-17 21:24:25,3.01,226.1,0.61,50.04
2025-11-17 22:23:14,2.3,231.0,0.48,49.99
2025-11-17 22:24:25,0.95,234.8,0.2,50.01
2025-11-17 23:23:14,1.27,226.6,0.26,49.96
2025-11-17 23:24:25,3.68,233.7,0.77,50.02
2025-11-18 00:23:14,2.08,233.6,0.44,49.94
2025-11-18 00:24:25,1.3,234.4,0.27,49.94
2025-11-18 01:23:14,1.07,230.4,0.22,49.94
2025-11-18 01:24:25,1.15,234.4,0.24,50.0
2025-11-18 02:23:14,3.41,226.5,0.7,49.92
2025-11-18 02:24:25,2.29,225.1,0.46,50.02
2025-11-18 03:23:14,3.6,226.2,0.73,49.94
2025-11-18 03:24:25,2.38,226.6,0.49,50.03
2025-11-18 04:23:14,2.93,229.9,0.61,50.05
2025-11-18 04:24:25,2.74,228.3,0.56,49.95
2025-11-18 05:23:14,2.14,226.9,0.44,50.02
2025-11-18 05:24:25,1.04,225.8,0.21,50.03
2025-11-18 06:23:14,1.58,225.9,0.32,50.06
2025-11-18 06:24:25,3.6,225.0,0.73,50.02
2025-11-18 07:23:14,0.71,229.0,0.15,50.04
2025-11-18 07:24:25,2.68,232.5,0.56,50.07
2025-11-18 08:23:14,6.13,232.9,1.28,49.92
2025-11-18 08:24:25,13.48,225.3,2.73,49.96
2025-11-18 09:23:14,9.9,229.2,2.04,50.04
2025-11-18 09:24:25,11.65,233.9,2.45,50.07
2025-11-18 10:23:14,13.41,229.6,2.77,50.03
2025-11-18 10:24:25,8.09,228.0,1.66,50.01
2025-11-18 11:23:14,6.22,227.0,1.27,49.94
2025-11-18 11:24:25,12.15,231.5,2.53,49.95
2025-11-18 12:23:14,13.61,234.7,2.87,50.03
2025-11-18 12:24:25,12.14,230.4,2.52,49.98
2025-11-18 13:23:14,14.38,226.8,2.94,50.06
2025-11-18 13:24:25,12.23,234.1,2.58,50.04
2025-11-18 14:23:14,13.25,232.8,2.78,50.04
2025-11-18 14:24:25,6.27,228.5,1.29,50.07
2025-11-18 15:23:14,13.41,227.9,2.75,50.09
2025-11-18 15:24:25,14.43,231.2,3.0,50.02
2025-11-18 16:23:14,11.31,229.0,2.33,50.08
2025-11-18 16:24:25,11.91,229.9,2.46,49.97
2025-11-18 17:23:14,9.46,233.4,1.99,49.97
2025-11-18 17:24:25,7.35,232.7,1.54,49.97
2025-11-18 18:23:14,6.22,225.4,1.26,50.01
2025-11-18 18:24:25,12.74,226.1,2.59,49.98
2025-11-18 19:23:14,7.89,234.8,1.67,49.93
2025-11-18 19:24:25,11.75,225.2,2.38,50.03
2025-11-18 20:23:14,7.8,233.1,1.64,49.91
2025-11-18 20:24:25,6.52,234.8,1.38,50.05
2025-11-18 21:23:14,3.22,226.6,0.66,49.9
2025-11-18 21:24:25,2.76,232.0,0.58,50.06
2025-11-18 22:23:14,3.72,225.1,0.75,50.04
2025-11-18 22:24:25,0.98,234.9,0.21,50.02
2025-11-18 23:23:14,2.18,228.6,0.45,50.05
2025-11-18 23:24:25,2.93,232.8,0.61,49.96
2025-11-19 00:23:14,0.88,225.1,0.18,50.02
2025-11-19 00:24:25,2.5,227.7,0.51,49.96
2025-11-19 01:23:14,0.9,228.4,0.19,50.09
2025-11-19 01:24:25,2.8,234.5,0.59,49.97
2025-11-19 02:23:14,1.65,232.9,0.35,49.93
2025-11-19 02:24:25,2.92,229.1,0.6,50.01
2025-11-19 03:23:14,3.04,231.5,0.63,50.03
2025-11-19 03:24:25,1.26,232.6,0.26,50.08
2025-11-19 04:23:14,3.82,231.0,0.79,50.03
2025-11-19 04:24:25,3.58,230.5,0.74,50.05
2025-11-19 05:23:14,1.43,225.8,0.29,50.05
2025-11-19 05:24:25,3.27,233.2,0.69,49.92
2025-11-19 06:23:14,2.37,231.1,0.49,49.99
2025-11-19 06:24:25,1.08,229.8,0.22,50.05
2025-11-19 07:23:14,1.26,234.4,0.27,50.0
2025-11-19 07:24:25,3.91,231.6,0.82,50.08
2025-11-19 08:23:14,12.6,225.1,2.55,49.97
2025-11-19 08:24:25,10.62,233.2,2.23,50.09
2025-11-19 09:23:14,14.4,232.4,3.01,50.08
2025-11-19 09:24:25,11.03,229.2,2.28,49.95
2025-11-19 10:23:14,13.75,231.3,2.86,49.97
2025-11-19 10:24:25,12.21,231.2,2.54,49.99
2025-11-19 11:23:14,5.23,227.2,1.07,50.0
2025-11-19 11:24:25,12.69,228.4,2.61,49.97
2025-11-19 12:23:14,13.66,227.0,2.79,50.09
2025-11-19 12:24:25,9.78,231.7,2.04,49.97
2025-11-19 13:23:14,10.15,232.5,2.12,49.95
2025-11-19 13:24:25,12.73,231.9,2.66,50.0
2025-11-19 14:23:14,8.94,232.6,1.87,50.02
2025-11-19 14:24:25,14.58,225.6,2.96,50.02
2025-11-19 15:23:14,12.79,228.8,2.63,49.93
2025-11-19 15:24:25,11.32,233.4,2.38,50.09
2025-11-19 16:23:14,13.84,232.2,2.89,50.01
2025-11-19 16:24:25,6.62,228.0,1.36,49.94
2025-11-19 17:23:14,5.07,226.0,1.03,50.09
2025-11-19 17:24:25,5.78,234.6,1.22,50.08
2025-11-19 18:23:14,5.94,227.3,1.22,49.99
2025-11-19 18:24:25,8.31,229.5,1.72,50.0
2025-11-19 19:23:14,6.43,226.2,1.31,50.09
2025-11-19 19:24:25,12.06,233.6,2.54,49.98
2025-11-19 20:23:14,14.37,226.0,2.92,50.06
2025-11-19 20:24:25,14.76,226.8,3.01,49.92
2025-11-19 21:23:14,0.94,231.6,0.2,49.92
2025-11-19 21:24:25,2.18,225.7,0.44,50.02
2025-11-19 22:23:14,2.39,233.5,0.5,50.03
2025-11-19 22:24:25,2.36,230.7,0.49,49.99
2025-11-19 23:23:14,3.39,226.6,0.69,50.05
2025-11-19 23:24:25,1.7,233.7,0.36,49.9
2025-11-20 00:23:14,2.39,231.3,0.5,50.05
2025-11-20 00:24:25,1.91,229.4,0.39,50.01
2025-11-20 01:23:14,1.97,225.5,0.4,50.03
2025-11-20 01:24:25,2.7,227.7,0.55,50.03
2025-11-20 02:23:14,2.55,230.4,0.53,50.01
2025-11-20 02:24:25,1.78,233.7,0.37,50.08
2025-11-20 03:23:14,0.97,225.1,0.2,50.09
2025-11-20 03:24:25,0.96,227.5,0.2,50.02
2025-11-20 04:23:14,3.28,226.1,0.67,50.03
2025-11-20 04:24:25,2.87,232.2,0.6,49.97
2025-11-20 05:23:14,2.82,234.3,0.59,49.97
2025-11-20 05:24:25,3.6,227.5,0.74,49.97
2025-11-20 06:23:14,2.97,231.7,0.62,50.08
2025-11-20 06:24:25,2.5,227.8,0.51,50.05
2025-11-20 07:23:14,3.36,231.6,0.7,50.0
2025-11-20 07:24:25,0.58,233.6,0.12,49.92
2025-11-20 08:23:14,5.95,225.9,1.21,50.07
2025-11-20 08:24:25,12.72,232.3,2.66,50.08
2025-11-20 09:23:14,12.1,228.0,2.48,50.07
2025-11-20 09:24:25,7.57,234.4,1.6,49.99
2025-11-20 10:23:14,10.61,229.5,2.19,50.09
2025-11-20 10:24:25,6.95,234.3,1.47,49.98
2025-11-20 11:23:14,6.68,226.7,1.36,49.99
2025-11-20 11:24:25,10.6,234.6,2.24,50.01
2025-11-20 12:23:14,9.43,225.4,1.91,50.09
2025-11-20 12:24:25,10.84,234.1,2.28,50.1
2025-11-20 13:23:14,5.66,225.9,1.15,49.96
2025-11-20 13:24:25,8.15,230.4,1.69,49.9
2025-11-20 14:23:14,14.67,234.4,3.09,49.93
2025-11-20 14:24:25,6.65,227.9,1.36,50.03
2025-11-20 15:23:14,13.07,227.0,2.67,49.91
2025-11-20 15:24:25,10.47,231.4,2.18,50.05
2025-11-20 16:23:14,8.96,233.3,1.88,49.97
2025-11-20 16:24:25,5.82,225.5,1.18,50.03
2025-11-20 17:23:14,10.45,227.9,2.14,50.07
2025-11-20 17:24:25,5.3,225.9,1.08,49.93
2025-11-20 18:23:14,6.03,226.7,1.23,49.93
2025-11-20 18:24:25,8.78,233.1,1.84,50.06
2025-11-20 19:23:14,8.1,227.1,1.66,50.08
2025-11-20 19:24:25,13.71,233.0,2.87,49.99
2025-11-20 20:23:14,12.59,225.3,2.55,50.05
2025-11-20 20:24:25,12.48,232.7,2.61,49.95
2025-11-20 21:23:14,1.06,234.0,0.22,49.94
2025-11-20 21:24:25,0.83,229.3,0.17,50.08
2025-11-20 22:23:14,0.85,227.4,0.17,49.9
2025-11-20 22:24:25,2.37,234.2,0.5,49.99
2025-11-20 23:23:14,0.57,226.4,0.12,50.05
2025-11-20 23:24:25,2.42,229.4,0.5,49.99
2025-11-21 00:23:14,2.25,230.7,0.47,49.97
2025-11-21 00:24:25,1.16,226.6,0.24,50.05
2025-11-21 01:23:14,3.61,225.8,0.73,50.08
2025-11-21 01:24:25,3.32,228.8,0.68,50.06
2025-11-21 02:23:14,0.71,233.4,0.15,50.08
2025-11-21 02:24:25,3.37,232.8,0.71,50.06
2025-11-21 03:23:14,2.77,227.3,0.57,49.94
2025-11-21 03:24:25,1.49,234.4,0.31,50.1
2025-11-21 04:23:14,1.04,232.8,0.22,50.05
2025-11-21 04:24:25,1.18,231.3,0.25,50.08
2025-11-21 05:23:14,0.74,229.8,0.15,50.07
2025-11-21 05:24:25,3.32,231.8,0.69,49.95
2025-11-21 06:23:14,3.94,227.3,0.81,49.91
2025-11-21 06:24:25,3.57,232.5,0.75,50.02
2025-11-21 07:23:14,2.77,227.5,0.57,50.08
2025-11-21 07:24:25,3.93,232.2,0.82,50.02
2025-11-21 08:23:14,13.21,229.7,2.73,50.07
2025-11-21 08:24:25,7.52,232.0,1.57,50.05
2025-11-21 09:23:14,9.16,234.2,1.93,49.95
2025-11-21 09:24:25,14.32,230.7,2.97,50.08
2025-11-21 10:23:14,5.78,226.3,1.18,49.9
2025-11-21 10:24:25,5.89,231.0,1.22,50.04
2025-11-21 11:23:14,5.31,227.7,1.09,49.92
2025-11-21 11:24:25,14.04,231.0,2.92,50.0
2025-11-21 12:23:14,5.06,229.7,1.05,50.06
2025-11-21 12:24:25,14.35,234.9,3.03,50.08
2025-11-21 13:23:14,14.06,232.7,2.94,49.92
2025-11-21 13:24:25,12.55,234.3,2.65,49.95
2025-11-21 14:23:14,10.85,233.6,2.28,50.08
2025-11-21 14:24:25,12.66,226.8,2.58,49.97
2025-11-21 15:23:14,10.48,232.9,2.2,49.95
2025-11-21 15:24:25,6.02,226.3,1.23,49.98
2025-11-21 16:23:14,10.28,230.4,2.13,50.01
2025-11-21 16:24:25,13.58,226.8,2.77,50.07
2025-11-21 17:23:14,14.77,234.3,3.11,49.96
2025-11-21 17:24:25,11.66,231.7,2.43,49.91
2025-11-21 18:23:14,8.88,231.8,1.85,49.99
2025-11-21 18:24:25,5.83,230.0,1.21,49.94
2025-11-21 19:23:14,8.82,230.7,1.83,49.93
2025-11-21 19:24:25,6.25,230.7,1.3,50.0
2025-11-21 20:23:14,9.59,229.0,1.98,50.08
2025-11-21 20:24:25,10.86,233.8,2.29,49.93
2025-11-21 21:23:14,2.56,226.5,0.52,50.02
2025-11-21 21:24:25,1.02,229.6,0.21,49.9
2025-11-21 22:23:14,1.42,227.8,0.29,49.96
2025-11-21 22:24:25,2.84,232.6,0.59,49.91
2025-11-21 23:23:14,2.48,231.3,0.52,49.95
2025-11-21 23:24:25,2.74,230.2,0.57,49.99
2025-11-22 00:23:14,2.97,229.2,0.61,49.98
2025-11-22 00:24:25,0.9,229.5,0.19,49.98
2025-11-22 01:23:14,1.02,231.6,0.21,49.96
2025-11-22 01:24:25,0.97,232.7,0.2,50.01
2025-11-22 02:23:14,2.36,227.7,0.48,49.93
2025-11-22 02:24:25,2.05,229.4,0.42,49.99
2025-11-22 03:23:14,2.89,227.5,0.59,50.03
2025-11-22 03:24:25,3.97,228.4,0.82,49.91
2025-11-22 04:23:14,2.12,233.8,0.45,50.0
2025-11-22 04:24:25,2.46,229.4,0.51,49.97
2025-11-22 05:23:14,1.76,232.5,0.37,49.99
2025-11-22 05:24:25,3.14,227.6,0.64,50.09
2025-11-22 06:23:14,1.26,228.6,0.26,49.95
2025-11-22 06:24:25,1.6,229.5,0.33,50.07
2025-11-22 07:23:14,1.18,232.8,0.25,50.07
2025-11-22 07:24:25,3.18,229.6,0.66,49.9
2025-11-22 08:23:14,10.79,226.9,2.2,50.08
2025-11-22 08:24:25,14.97,231.5,3.12,50.08
2025-11-22 09:23:14,6.12,227.7,1.25,50.04
2025-11-22 09:24:25,13.26,228.8,2.73,50.07
2025-11-22 10:23:14,9.08,229.4,1.87,49.99
2025-11-22 10:24:25,6.88,226.7,1.4,50.08
2025-11-22 11:23:14,7.52,226.6,1.53,50.05
2025-11-22 11:24:25,10.54,230.4,2.19,50.05
2025-11-22 12:23:14,7.48,234.8,1.58,49.97
2025-11-22 12:24:25,5.52,229.4,1.14,49.94
2025-11-22 13:23:14,11.06,226.3,2.25,49.93
2025-11-22 13:24:25,6.71,225.9,1.36,50.09
2025-11-22 14:23:14,8.01,230.2,1.66,50.09
2025-11-22 14:24:25,9.23,228.0,1.89,50.04
2025-11-22 15:23:14,12.2,229.4,2.52,49.93
2025-11-22 15:24:25,12.27,232.7,2.57,49.92
2025-11-22 16:23:14,5.41,227.3,1.11,49.96
2025-11-22 16:24:25,13.95,232.7,2.92,49.99
2025-11-22 17:23:14,5.59,233.3,1.17,49.95
2025-11-22 17:24:25,10.64,231.0,2.21,49.97
2025-11-22 18:23:14,9.47,226.5,1.93,50.07
2025-11-22 18:24:25,10.23,227.4,2.09,49.96
2025-11-22 19:23:14,7.72,232.0,1.61,50.1
2025-11-22 19:24:25,9.66,232.7,2.02,50.1
2025-11-22 20:23:14,7.93,231.2,1.65,49.95
2025-11-22 20:24:25,13.03,232.5,2.73,49.99
2025-11-22 21:23:14,3.06,231.5,0.64,50.09
2025-11-22 21:24:25,3.11,231.5,0.65,49.94
2025-11-22 22:23:14,1.02,228.3,0.21,50.03
2025-11-22 22:24:25,1.45,231.8,0.3,49.98
2025-11-22 23:23:14,3.52,230.7,0.73,50.01
2025-11-22 23:24:25,3.5,229.4,0.72,49.91
2025-11-23 00:23:14,1.7,234.6,0.36,49.9
2025-11-23 00:24:25,2.09,226.1,0.43,50.03
2025-11-23 01:23:14,0.93,227.3,0.19,49.99
2025-11-23 01:24:25,2.0,226.8,0.41,49.99
2025-11-23 02:23:14,1.99,234.5,0.42,49.96
2025-11-23 02:24:25,3.11,233.0,0.65,50.04
2025-11-23 03:23:14,1.34,232.9,0.28,50.07
2025-11-23 03:24:25,0.84,233.7,0.18,50.04
2025-11-23 04:23:14,1.2,230.8,0.25,50.04
2025-11-23 04:24:25,0.61,225.1,0.12,49.99
2025-11-23 05:23:14,2.74,226.8,0.56,50.05
2025-11-23 05:24:25,0.67,232.5,0.14,50.05
2025-11-23 06:23:14,1.2,233.2,0.25,50.03
2025-11-23 06:24:25,3.52,225.7,0.72,49.93
2025-11-23 07:23:14,2.66,227.9,0.55,50.09
2025-11-23 07:24:25,1.87,231.8,0.39,49.99
2025-11-23 08:23:14,7.85,231.5,1.64,49.91
2025-11-23 08:24:25,8.45,234.5,1.78,50.03
2025-11-23 09:23:14,13.92,226.4,2.84,49.97
2025-11-23 09:24:25,11.01,234.9,2.33,49.93
2025-11-23 10:23:14,5.47,229.1,1.13,49.92
2025-11-23 10:24:25,13.31,225.1,2.7,49.93
2025-11-23 11:23:14,8.72,233.2,1.83,50.02
2025-11-23 11:24:25,6.74,226.5,1.37,50.03
2025-11-23 12:23:14,12.52,225.9,2.55,49.93
2025-11-23 12:24:25,8.53,233.0,1.79,50.02
2025-11-23 13:23:14,11.3,234.2,2.38,49.96
2025-11-23 13:24:25,5.4,229.2,1.11,50.1
2025-11-23 14:23:14,13.3,233.0,2.79,49.96
2025-11-23 14:24:25,9.32,232.2,1.95,50.04
2025-11-23 15:23:14,12.85,226.2,2.62,50.01
2025-11-23 15:24:25,13.92,227.3,2.85,50.06
2025-11-23 16:23:14,14.57,234.0,3.07,50.07
2025-11-23 16:24:25,12.74,232.4,2.66,49.99
2025-11-23 17:23:14,5.34,229.6,1.1,49.98
2025-11-23 17:24:25,11.77,233.4,2.47,49.95
2025-11-23 18:23:14,13.33,232.6,2.79,50.05
2025-11-23 18:24:25,12.12,233.9,2.55,49.93
2025-11-23 19:23:14,11.19,233.9,2.36,50.05
2025-11-23 19:24:25,12.64,227.4,2.59,50.09
2025-11-23 20:23:14,9.82,231.0,2.04,49.96
2025-11-23 20:24:25,12.98,230.5,2.69,50.03
2025-11-23 21:23:14,1.39,228.7,0.29,49.93
2025-11-23 21:24:25,2.34,232.2,0.49,50.07
2025-11-23 22:23:14,0.98,233.0,0.21,49.97
2025-11-23 22:24:25,1.18,233.8,0.25,49.98
2025-11-23 23:23:14,2.75,231.5,0.57,49.96
2025-11-23 23:24:25,2.7,227.5,0.55,49.97
2025-11-24 00:23:14,2.55,226.1,0.52,50.0
2025-11-24 00:24:25,2.14,234.2,0.45,50.02
2025-11-24 01:23:14,2.07,230.3,0.43,49.94
2025-11-24 01:24:25,1.88,231.6,0.39,50.03
2025-11-24 02:23:14,3.25,227.4,0.67,49.93
2025-11-24 02:24:25,1.02,229.9,0.21,50.08
2025-11-24 03:23:14,1.28,234.8,0.27,49.97
2025-11-24 03:24:25,3.28,233.3,0.69,50.03
2025-11-24 04:23:14,2.81,233.5,0.59,49.91
2025-11-24 04:24:25,1.17,229.2,0.24,50.02
2025-11-24 05:23:14,2.73,234.5,0.58,50.06
2025-11-24 05:24:25,2.85,228.9,0.59,50.09
2025-11-24 06:23:14,2.94,232.4,0.61,49.9
2025-11-24 06:24:25,3.51,232.8,0.74,50.03
2025-11-24 07:23:14,1.94,226.5,0.4,50.04
2025-11-24 07:24:25,0.83,230.1,0.17,49.97
2025-11-24 08:23:14,9.6,226.4,1.96,49.94
2025-11-24 08:24:25,13.5,233.3,2.83,50.09
2025-11-24 09:23:14,5.05,225.3,1.02,50.0
2025-11-24 09:24:25,12.07,234.1,2.54,50.08
2025-11-24 10:23:14,14.41,234.8,3.05,50.1
2025-11-24 10:24:25,9.43,229.0,1.94,50.1
2025-11-24 11:23:14,5.83,233.1,1.22,50.04
2025-11-24 11:24:25,7.21,230.4,1.5,49.94
2025-11-24 12:23:14,9.96,227.9,2.04,49.94
2025-11-24 12:24:25,12.72,233.0,2.67,50.08
2025-11-24 13:23:14,6.83,225.6,1.39,49.95
2025-11-24 13:24:25,6.56,234.2,1.38,49.92
2025-11-24 14:23:14,14.54,234.6,3.07,50.06
2025-11-24 14:24:25,5.55,228.5,1.14,50.07
2025-11-24 15:23:14,13.68,226.7,2.79,50.03
2025-11-24 15:24:25,10.3,233.2,2.16,49.98
2025-11-24 16:23:14,14.69,225.6,2.98,49.93
2025-11-24 16:24:25,10.37,229.0,2.14,49.96
2025-11-24 17:23:14,13.89,227.3,2.84,50.09
2025-11-24 17:24:25,10.87,233.6,2.29,49.9
2025-11-24 18:23:14,11.43,228.5,2.35,49.96
2025-11-24 18:24:25,8.41,225.3,1.71,50.01
2025-11-24 19:23:14,9.91,234.8,2.09,50.05
2025-11-24 19:24:25,7.67,229.7,1.59,50.05
2025-11-24 20:23:14,14.61,226.6,2.98,49.98
2025-11-24 20:24:25,12.05,229.8,2.49,50.04
2025-11-24 21:23:14,2.19,230.2,0.45,50.08
2025-11-24 21:24:25,0.53,230.8,0.11,49.92
2025-11-24 22:23:14,3.76,229.7,0.78,49.93
2025-11-24 22:24:25,3.64,228.3,0.75,50.05
2025-11-24 23:23:14,3.93,231.1,0.82,49.96
2025-11-24 23:24:25,1.55,231.1,0.32,49.94
2025-11-25 00:23:14,1.01,225.5,0.2,50.05
2025-11-25 00:24:25,3.28,233.9,0.69,50.03
2025-11-25 01:23:14,2.63,226.3,0.54,50.06
2025-11-25 01:24:25,3.59,231.3,0.75,49.99
2025-11-25 02:23:14,1.26,227.0,0.26,49.95
2025-11-25 02:24:25,1.82,231.2,0.38,49.97
2025-11-25 03:23:14,2.77,228.3,0.57,49.97
2025-11-25 03:24:25,1.61,226.8,0.33,49.98
2025-11-25 04:23:14,3.82,234.8,0.81,49.93
2025-11-25 04:24:25,3.51,230.6,0.73,49.91
2025-11-25 05:23:14,1.87,234.2,0.39,50.09
2025-11-25 05:24:25,0.98,225.0,0.2,49.92
2025-11-25 06:23:14,3.29,227.8,0.67,49.98
2025-11-25 06:24:25,1.41,227.7,0.29,50.01
2025-11-25 07:23:14,3.24,232.9,0.68,49.91
2025-11-25 07:24:25,2.1,230.3,0.44,49.96
2025-11-25 08:23:14,13.64,232.0,2.85,49.93
2025-11-25 08:24:25,10.42,234.6,2.2,49.92
2025-11-25 09:23:14,13.47,229.8,2.79,49.92
2025-11-25 09:24:25,5.31,229.2,1.1,50.08
2025-11-25 10:23:14,9.66,226.0,1.96,49.98
2025-11-25 10:24:25,14.64,234.0,3.08,49.91
2025-11-25 11:23:14,14.45,230.1,2.99,49.96
2025-11-25 11:24:25,13.88,228.4,2.85,49.94
2025-11-25 12:23:14,10.95,225.4,2.22,49.93
2025-11-25 12:24:25,12.33,231.5,2.57,50.03
2025-11-25 13:23:14,12.2,229.8,2.52,49.99
2025-11-25 13:24:25,6.43,227.4,1.32,49.92
2025-11-25 14:23:14,14.97,225.4,3.04,49.9
2025-11-25 14:24:25,9.65,233.2,2.03,50.03
2025-11-25 15:23:14,5.06,231.7,1.06,50.04
2025-11-25 15:24:25,14.11,234.4,2.98,50.05
2025-11-25 16:23:14,11.92,226.8,2.43,49.95
2025-11-25 16:24:25,10.38,228.7,2.14,49.97
2025-11-25 17:23:14,14.33,234.1,3.02,49.9
2025-11-25 17:24:25,6.0,233.5,1.26,49.9
2025-11-25 18:23:14,10.84,231.4,2.26,49.94
2025-11-25 18:24:25,11.03,233.2,2.31,49.99
2025-11-25 19:23:14,8.18,227.0,1.67,50.1
2025-11-25 19:24:25,5.57,228.7,1.15,49.94
2025-11-25 20:23:14,12.05,226.8,2.46,49.93
2025-11-25 20:24:25,7.86,232.8,1.65,50.05
2025-11-25 21:23:14,1.21,234.1,0.25,49.98
2025-11-25 21:24:25,1.95,231.6,0.41,49.91
2025-11-25 22:23:14,1.94,232.6,0.41,49.9
2025-11-25 22:24:25,2.82,234.4,0.59,50.07
2025-11-25 23:23:14,2.97,230.8,0.62,50.01
2025-11-25 23:24:25,1.0,228.8,0.21,49.95
2025-11-26 00:23:14,3.42,226.9,0.7,50.03
2025-11-26 00:24:25,3.9,233.1,0.82,49.93
2025-11-26 01:23:14,3.72,232.7,0.78,49.95
2025-11-26 01:24:25,1.81,234.0,0.38,50.06
2025-11-26 02:23:14,1.04,231.5,0.22,49.98
2025-11-26 02:24:25,2.69,227.2,0.55,49.91
2025-11-26 03:23:14,2.47,230.2,0.51,49.97
2025-11-26 03:24:25,1.76,227.6,0.36,50.07
2025-11-26 04:23:14,1.12,232.6,0.23,50.04
2025-11-26 04:24:25,3.98,233.1,0.83,49.92
2025-11-26 05:23:14,2.49,230.1,0.52,49.99
2025-11-26 05:24:25,3.09,225.8,0.63,50.07
2025-11-26 06:23:14,0.53,229.8,0.11,49.95
2025-11-26 06:24:25,1.28,231.7,0.27,49.95
2025-11-26 07:23:14,1.63,233.1,0.34,50.02
2025-11-26 07:24:25,1.14,231.2,0.24,49.94
2025-11-26 08:23:14,11.29,231.7,2.35,49.98
2025-11-26 08:24:25,9.87,228.4,2.03,49.98
2025-11-26 09:23:14,11.54,230.7,2.4,50.08
2025-11-26 09:24:25,6.22,225.2,1.26,50.02
2025-11-26 10:23:14,14.75,227.6,3.02,50.07
2025-11-26 10:24:25,9.33,233.9,1.96,49.93
2025-11-26 11:23:14,8.2,229.8,1.7,50.07
2025-11-26 11:24:25,12.96,229.1,2.67,49.97
2025-11-26 12:23:14,9.74,231.5,2.03,50.01
2025-11-26 12:24:25,7.73,233.4,1.62,49.98
2025-11-26 13:23:14,7.0,230.3,1.45,49.95
2025-11-26 13:24:25,14.13,228.9,2.91,49.94
2025-11-26 14:23:14,14.57,225.1,2.95,50.1
2025-11-26 14:24:25,5.78,225.7,1.17,50.07
2025-11-26 15:23:14,9.41,225.0,1.91,49.91
2025-11-26 15:24:25,7.75,233.3,1.63,50.03
2025-11-26 16:23:14,13.17,226.0,2.68,49.94
2025-11-26 16:24:25,5.93,225.4,1.2,49.96
2025-11-26 17:23:14,11.85,230.2,2.46,50.07
2025-11-26 17:24:25,14.24,233.1,2.99,49.95
2025-11-26 18:23:14,7.67,234.8,1.62,49.95
2025-11-26 18:24:25,13.43,230.5,2.79,49.98
2025-11-26 19:23:14,8.18,226.2,1.67,49.92
2025-11-26 19:24:25,7.61,228.3,1.56,50.06
2025-11-26 20:23:14,8.85,230.8,1.84,50.09
2025-11-26 20:24:25,5.4,227.6,1.11,49.96
2025-11-26 21:23:14,3.35,226.9,0.68,49.93
2025-11-26 21:24:25,2.59,230.8,0.54,50.05
2025-11-26 22:23:14,1.57,232.0,0.33,49.98
2025-11-26 22:24:25,1.13,232.0,0.24,49.91
2025-11-26 23:23:14,2.21,233.4,0.46,50.1
2025-11-26 23:24:25,2.86,226.1,0.58,49.94
2025-11-27 00:23:14,1.47,225.1,0.3,50.08
2025-11-27 00:24:25,2.03,226.9,0.41,49.95
2025-11-27 01:23:14,1.27,230.5,0.26,50.08
2025-11-27 01:24:25,0.86,227.0,0.18,49.99
2025-11-27 02:23:14,2.46,231.7,0.51,50.04
2025-11-27 02:24:25,3.0,227.5,0.61,49.99
2025-11-27 03:23:14,2.65,233.9,0.56,50.06
2025-11-27 03:24:25,3.16,233.1,0.66,50.0
2025-11-27 04:23:14,3.68,231.8,0.77,50.03
2025-11-27 04:24:25,3.66,229.6,0.76,50.05
2025-11-27 05:23:14,1.33,226.6,0.27,50.04
2025-11-27 05:24:25,3.15,234.3,0.66,49.97
2025-11-27 06:23:14,3.09,234.5,0.65,49.97
2025-11-27 06:24:25,0.74,227.0,0.15,49.95
2025-11-27 07:23:14,1.35,230.0,0.28,49.99
2025-11-27 07:24:25,3.25,233.2,0.68,49.98
2025-11-27 08:23:14,5.01,227.5,1.03,50.03
2025-11-27 08:24:25,7.7,225.3,1.56,50.05
2025-11-27 09:23:14,11.69,226.5,2.38,49.92
2025-11-27 09:24:25,7.65,227.3,1.56,50.08
2025-11-27 10:23:14,6.25,227.1,1.28,49.97
2025-11-27 10:24:25,8.12,229.3,1.68,49.96
2025-11-27 11:23:14,14.0,231.9,2.92,49.95
2025-11-27 11:24:25,6.38,229.5,1.32,50.08
2025-11-27 12:23:14,11.03,226.8,2.25,49.95
2025-11-27 12:24:25,9.58,229.6,1.98,50.1
2025-11-27 13:23:14,12.25,226.9,2.5,49.98
2025-11-27 13:24:25,9.21,227.8,1.89,50.07
2025-11-27 14:23:14,10.19,229.8,2.11,50.02
2025-11-27 14:24:25,7.44,228.4,1.53,49.97
2025-11-27 15:23:14,13.93,226.7,2.84,49.91
2025-11-27 15:24:25,8.94,234.3,1.89,49.94
2025-11-27 16:23:14,13.76,233.7,2.89,49.96
2025-11-27 16:24:25,8.08,229.4,1.67,49.97
2025-11-27 17:23:14,14.27,231.0,2.97,49.99
2025-11-27 17:24:25,6.34,226.8,1.29,50.06
2025-11-27 18:23:14,6.2,231.7,1.29,50.08
2025-11-27 18:24:25,7.14,230.0,1.48,50.0
2025-11-27 19:23:14,14.12,233.5,2.97,49.92
2025-11-27 19:24:25,10.81,227.5,2.21,49.94
2025-11-27 20:23:14,10.2,230.6,2.12,49.96
2025-11-27 20:24:25,6.51,230.5,1.35,50.1
2025-11-27 21:23:14,2.54,229.4,0.52,49.95
2025-11-27 21:24:25,3.5,227.1,0.72,49.97
2025-11-27 22:23:14,3.72,229.3,0.77,50.1
2025-11-27 22:24:25,2.1,232.6,0.44,50.02
2025-11-27 23:23:14,0.63,229.1,0.13,50.03
2025-11-27 23:24:25,1.13,227.7,0.23,49.9
2025-11-28 00:23:14,3.33,232.2,0.7,49.95
2025-11-28 00:24:25,2.57,233.8,0.54,50.08
2025-11-28 01:23:14,2.29,234.7,0.48,50.09
2025-11-28 01:24:25,3.08,232.9,0.65,49.98
2025-11-28 02:23:14,3.67,232.4,0.77,50.01
2025-11-28 02:24:25,1.48,226.6,0.3,49.91
2025-11-28 03:23:14,1.48,226.1,0.3,49.96
2025-11-28 03:24:25,1.13,231.3,0.24,50.04
2025-11-28 04:23:14,1.46,226.4,0.3,50.05
2025-11-28 04:24:25,2.37,226.7,0.48,49.99
2025-11-28 05:23:14,3.87,228.8,0.8,50.09
2025-11-28 05:24:25,3.58,231.1,0.74,50.0
2025-11-28 06:23:14,2.27,226.2,0.46,49.95
2025-11-28 06:24:25,2.27,225.7,0.46,49.97
2025-11-28 07:23:14,1.79,230.2,0.37,49.97
2025-11-28 07:24:25,2.88,231.7,0.6,49.93
2025-11-28 08:23:14,6.33,225.5,1.28,49.93
2025-11-28 08:24:25,12.0,234.7,2.53,50.01
2025-11-28 09:23:14,5.2,229.9,1.08,50.04
2025-11-28 09:24:25,11.62,232.5,2.43,50.0
2025-11-28 10:23:14,13.21,234.2,2.78,49.91
2025-11-28 10:24:25,7.27,225.5,1.48,49.95
2025-11-28 11:23:14,11.53,233.5,2.42,50.03
2025-11-28 11:24:25,5.54,233.0,1.16,49.97
2025-11-28 12:23:14,8.2,229.9,1.7,49.9
2025-11-28 12:24:25,13.73,230.0,2.84,50.03
2025-11-28 13:23:14,8.83,230.4,1.83,50.1
2025-11-28 13:24:25,14.41,234.0,3.03,50.1
2025-11-28 14:23:14,5.28,229.5,1.09,49.92
2025-11-28 14:24:25,7.81,227.4,1.6,49.99
2025-11-28 15:23:14,6.95,227.9,1.43,50.04
2025-11-28 15:24:25,5.74,229.0,1.18,50.02
2025-11-28 16:23:14,13.62,227.9,2.79,50.07
2025-11-28 16:24:25,14.87,231.1,3.09,49.91
2025-11-28 17:23:14,9.62,231.5,2.0,49.93
2025-11-28 17:24:25,8.28,233.0,1.74,49.99
2025-11-28 18:23:14,12.65,225.9,2.57,50.03
2025-11-28 18:24:25,9.39,230.0,1.94,50.1
2025-11-28 19:23:14,6.94,230.0,1.44,49.98
2025-11-28 19:24:25,11.69,225.8,2.38,50.1
2025-11-28 20:23:14,14.84,231.2,3.09,50.09
2025-11-28 20:24:25,7.76,232.2,1.62,49.92
2025-11-28 21:23:14,3.73,226.0,0.76,49.96
2025-11-28 21:24:25,0.87,228.4,0.18,50.09
2025-11-28 22:23:14,2.82,234.4,0.59,50.02
2025-11-28 22:24:25,3.68,231.9,0.77,49.97
2025-11-28 23:23:14,3.07,230.7,0.64,49.95
2025-11-28 23:24:25,1.24,233.9,0.26,50.02
2025-11-29 00:23:14,3.74,226.0,0.76,49.91
2025-11-29 00:24:25,2.24,229.7,0.46,50.04
2025-11-29 01:23:14,3.06,233.8,0.64,50.04
2025-11-29 01:24:25,2.58,232.3,0.54,50.04
2025-11-29 02:23:14,1.71,232.7,0.36,50.02
2025-11-29 02:24:25,2.99,227.0,0.61,50.06
2025-11-29 03:23:14,3.06,225.4,0.62,49.93
2025-11-29 03:24:25,0.94,229.3,0.19,49.92
2025-11-29 04:23:14,3.97,232.1,0.83,50.05
2025-11-29 04:24:25,1.62,231.8,0.34,49.98
2025-11-29 05:23:14,1.38,228.4,0.28,50.03
2025-11-29 05:24:25,0.52,225.9,0.11,50.08
2025-11-29 06:23:14,2.17,233.0,0.46,49.9
2025-11-29 06:24:25,2.54,226.0,0.52,50.08
2025-11-29 07:23:14,2.02,229.1,0.42,50.09
2025-11-29 07:24:25,0.98,234.8,0.21,49.96
2025-11-29 08:23:14,13.39,228.6,2.75,50.1
2025-11-29 08:24:25,7.2,231.0,1.5,49.98
2025-11-29 09:23:14,14.07,232.9,2.95,50.06
2025-11-29 09:24:25,7.39,229.7,1.53,49.98
2025-11-29 10:23:14,13.43,232.4,2.81,50.09
2025-11-29 10:24:25,6.1,234.1,1.29,50.07
2025-11-29 11:23:14,11.65,226.1,2.37,50.09
2025-11-29 11:24:25,5.5,231.0,1.14,49.98
2025-11-29 12:23:14,5.8,227.7,1.19,49.94
2025-11-29 12:24:25,6.02,225.4,1.22,49.96
2025-11-29 13:23:14,10.38,229.1,2.14,50.08
2025-11-29 13:24:25,9.77,225.6,1.98,49.91
2025-11-29 14:23:14,8.51,230.1,1.76,49.93
2025-11-29 14:24:25,10.94,226.0,2.23,49.92
2025-11-29 15:23:14,14.61,225.6,2.97,50.04
2025-11-29 15:24:25,8.07,228.1,1.66,50.06
2025-11-29 16:23:14,5.29,229.0,1.09,50.03
2025-11-29 16:24:25,5.61,227.3,1.15,50.03
2025-11-29 17:23:14,12.04,230.8,2.5,50.04
2025-11-29 17:24:25,13.18,227.1,2.69,49.98
2025-11-29 18:23:14,5.49,228.6,1.13,49.9
2025-11-29 18:24:25,13.64,232.2,2.85,50.09
2025-11-29 19:23:14,8.85,227.4,1.81,49.98
2025-11-29 19:24:25,12.43,234.9,2.63,49.96
2025-11-29 20:23:14,14.85,233.7,3.12,50.03
2025-11-29 20:24:25,5.56,225.5,1.13,50.08
2025-11-29 21:23:14,3.35,234.4,0.71,49.98
2025-11-29 21:24:25,3.27,225.1,0.66,50.02
2025-11-29 22:23:14,0.9,226.7,0.18,50.09
2025-11-29 22:24:25,3.92,225.2,0.79,50.0
2025-11-29 23:23:14,0.81,227.8,0.17,50.0
2025-11-29 23:24:25,2.65,231.0,0.55,49.95
2025-11-30 00:23:14,0.73,225.4,0.15,49.96
2025-11-30 00:24:25,3.33,227.5,0.68,50.0
2025-11-30 01:23:14,1.74,230.4,0.36,50.04
2025-11-30 01:24:25,1.43,228.3,0.29,49.9
2025-11-30 02:23:14,0.54,226.8,0.11,50.06
2025-11-30 02:24:25,1.48,231.5,0.31,50.01
2025-11-30 03:23:14,2.6,228.4,0.53,50.08
2025-11-30 03:24:25,0.96,228.1,0.2,49.98
2025-11-30 04:23:14,3.93,231.6,0.82,49.98
2025-11-30 04:24:25,2.61,234.1,0.55,50.04
2025-11-30 05:23:14,3.95,229.8,0.82,49.93
2025-11-30 05:24:25,1.18,231.6,0.25,50.04
2025-11-30 06:23:14,3.13,228.3,0.64,49.94
2025-11-30 06:24:25,2.26,230.1,0.47,49.93
2025-11-30 07:23:14,3.94,230.1,0.82,50.08
2025-11-30 07:24:25,2.11,225.6,0.43,50.07
2025-11-30 08:23:14,12.88,234.7,2.72,49.99
2025-11-30 08:24:25,6.78,226.0,1.38,50.09
2025-11-30 09:23:14,9.56,227.8,1.96,49.96
2025-11-30 09:24:25,6.83,230.2,1.42,49.92
2025-11-30 10:23:14,5.06,228.9,1.04,50.03
2025-11-30 10:24:25,7.33,228.4,1.51,49.99
2025-11-30 11:23:14,14.04,226.1,2.86,49.99
2025-11-30 11:24:25,6.73,231.1,1.4,50.07
2025-11-30 12:23:14,10.23,232.9,2.14,49.96
2025-11-30 12:24:25,10.09,225.2,2.05,49.96
2025-11-30 13:23:14,8.2,226.7,1.67,49.93
2025-11-30 13:24:25,14.18,227.3,2.9,50.02
2025-11-30 14:23:14,14.96,231.1,3.11,49.91
2025-11-30 14:24:25,9.78,228.8,2.01,49.92
2025-11-30 15:23:14,13.7,226.3,2.79,49.96
2025-11-30 15:24:25,14.27,230.9,2.97,49.98
2025-11-30 16:23:14,9.02,232.5,1.89,49.91
2025-11-30 16:24:25,14.1,227.0,2.88,49.96
2025-11-30 17:23:14,6.97,229.3,1.44,49.95
2025-11-30 17:24:25,6.35,230.9,1.32,49.96
2025-11-30 18:23:14,9.07,231.0,1.89,49.98
2025-11-30 18:24:25,14.95,228.6,3.08,49.99
2025-11-30 19:23:14,14.99,229.8,3.1,50.07
2025-11-30 19:24:25,12.9,230.7,2.68,49.95
2025-11-30 20:23:14,11.11,231.6,2.32,49.97
2025-11-30 20:24:25,10.42,233.4,2.19,50.07
2025-11-30 21:23:14,3.36,225.7,0.68,50.0
2025-11-30 21:24:25,2.85,234.2,0.6,50.0
2025-11-30 22:23:14,0.58,230.3,0.12,49.99
2025-11-30 22:24:25,3.55,234.1,0.75,49.96
2025-11-30 23:23:14,0.81,229.4,0.17,50.07
2025-11-30 23:24:25,1.07,231.5,0.22,50.09
2025-12-01 00:23:14,2.26,234.1,0.48,50.1
2025-12-01 00:24:25,3.65,227.7,0.75,50.09
2025-12-01 01:23:14,0.73,226.3,0.15,49.91
2025-12-01 01:24:25,1.87,229.5,0.39,50.08
2025-12-01 02:23:14,2.07,234.0,0.44,50.01
2025-12-01 02:24:25,2.02,234.2,0.43,49.93
2025-12-01 03:23:14,3.45,228.5,0.71,49.98
2025-12-01 03:24:25,2.18,235.0,0.46,50.1
2025-12-01 04:23:14,3.53,227.4,0.72,50.0
2025-12-01 04:24:25,1.01,231.6,0.21,49.92
2025-12-01 05:23:14,3.75,226.2,0.76,49.91
2025-12-01 05:24:25,2.26,229.7,0.47,50.06
2025-12-01 06:23:14,2.19,229.3,0.45,49.92
2025-12-01 06:24:25,1.52,233.1,0.32,50.01
2025-12-01 07:23:14,1.76,233.2,0.37,50.02
2025-12-01 07:24:25,0.99,233.0,0.21,49.93
2025-12-01 08:23:14,11.46,231.9,2.39,50.07
2025-12-01 08:24:25,7.31,232.3,1.53,49.91
2025-12-01 09:23:14,9.61,233.5,2.02,50.04
2025-12-01 09:24:25,10.03,230.8,2.08,50.1
2025-12-01 10:23:14,9.33,227.6,1.91,49.99
2025-12-01 10:24:25,10.3,225.7,2.09,50.0
2025-12-01 11:23:14,11.07,233.4,2.33,49.95
2025-12-01 11:24:25,6.57,230.2,1.36,50.05
2025-12-01 12:23:14,14.9,234.5,3.14,49.92
2025-12-01 12:24:25,10.07,231.5,2.1,49.94
2025-12-01 13:23:14,5.94,234.0,1.25,49.9
2025-12-01 13:24:25,5.82,227.6,1.19,49.91
2025-12-01 14:23:14,9.87,232.7,2.07,49.91
2025-12-01 14:24:25,13.99,230.6,2.9,49.95
2025-12-01 15:23:14,5.33,229.0,1.1,49.99
2025-12-01 15:24:25,11.77,232.5,2.46,50.03
2025-12-01 16:23:14,12.16,225.3,2.47,49.98
2025-12-01 16:24:25,14.94,226.3,3.04,50.08
2025-12-01 17:23:14,8.32,230.4,1.73,50.03
2025-12-01 17:24:25,13.98,228.8,2.88,50.02
2025-12-01 18:23:14,12.23,231.3,2.55,50.05
2025-12-01 18:24:25,5.93,226.6,1.21,50.08
2025-12-01 19:23:14,11.72,228.9,2.41,49.99
2025-12-01 19:24:25,8.73,234.0,1.84,49.99
2025-12-01 20:23:14,11.73,230.1,2.43,50.0
2025-12-01 20:24:25,7.76,226.8,1.58,50.0
2025-12-01 21:23:14,1.8,225.2,0.36,50.0
2025-12-01 21:24:25,2.02,231.3,0.42,50.0
2025-12-01 22:23:14,2.71,226.4,0.55,50.01
2025-12-01 22:24:25,1.02,226.5,0.21,50.02
2025-12-01 23:23:14,1.18,230.5,0.24,49.98
2025-12-01 23:24:25,1.57,229.3,0.32,49.91
2025-12-02 00:23:14,2.55,227.9,0.52,49.95
2025-12-02 00:24:25,1.09,231.7,0.23,50.05
2025-12-02 01:23:14,3.75,229.5,0.77,50.03
2025-12-02 01:24:25,3.73,233.3,0.78,50.02
2025-12-02 02:23:14,2.05,225.4,0.42,49.99
2025-12-02 02:24:25,3.56,234.5,0.75,49.96
2025-12-02 03:23:14,1.95,228.0,0.4,50.05
2025-12-02 03:24:25,2.46,234.0,0.52,50.09
2025-12-02 04:23:14,2.2,230.4,0.46,50.06
2025-12-02 04:24:25,1.89,232.3,0.4,49.94
2025-12-02 05:23:14,3.53,227.3,0.72,50.03
2025-12-02 05:24:25,1.77,233.8,0.37,50.07
2025-12-02 06:23:14,2.7,231.1,0.56,50.04
2025-12-02 06:24:25,1.15,233.1,0.24,50.09
2025-12-02 07:23:14,1.13,231.0,0.23,50.0
2025-12-02 07:24:25,1.24,230.3,0.26,50.04
2025-12-02 08:23:14,8.59,231.9,1.79,50.03
2025-12-02 08:24:25,5.53,229.7,1.14,50.01
2025-12-02 09:23:14,14.46,234.1,3.05,49.91
2025-12-02 09:24:25,6.46,232.3,1.35,49.99
2025-12-02 10:23:14,10.78,226.3,2.2,50.02
2025-12-02 10:24:25,12.63,235.0,2.67,50.05
2025-12-02 11:23:14,14.4,227.8,2.95,49.9
2025-12-02 11:24:25,11.14,233.0,2.34,50.1
2025-12-02 12:23:14,14.77,227.4,3.02,49.99
2025-12-02 12:24:25,7.7,227.0,1.57,49.97
2025-12-02 13:23:14,7.93,233.6,1.67,49.95
2025-12-02 13:24:25,6.56,229.4,1.35,50.1
2025-12-02 14:23:14,5.24,225.9,1.07,49.93
2025-12-02 14:24:25,13.32,229.5,2.75,50.02
2025-12-02 15:23:14,5.59,229.0,1.15,49.95
2025-12-02 15:24:25,11.86,231.7,2.47,49.98
2025-12-02 16:23:14,13.98,231.5,2.91,49.97
2025-12-02 16:24:25,5.68,232.3,1.19,49.93
2025-12-02 17:23:14,5.85,227.2,1.2,49.95
2025-12-02 17:24:25,5.73,227.8,1.17,50.03
2025-12-02 18:23:14,7.58,229.5,1.57,50.0
2025-12-02 18:24:25,9.35,228.3,1.92,49.91
2025-12-02 19:23:14,8.02,229.6,1.66,49.93
2025-12-02 19:24:25,6.44,232.1,1.35,49.94
2025-12-02 20:23:14,11.25,234.2,2.37,49.91
2025-12-02 20:24:25,6.55,228.9,1.35,49.99
2025-12-02 21:23:14,1.64,231.9,0.34,49.94
2025-12-02 21:24:25,3.93,226.5,0.8,49.96
2025-12-02 22:23:14,3.44,231.4,0.72,49.95
2025-12-02 22:24:25,0.66,232.5,0.14,50.05
2025-12-02 23:23:14,2.35,233.1,0.49,50.04
2025-12-02 23:24:25,0.81,231.6,0.17,49.94
2025-12-03 00:23:14,3.13,230.7,0.65,50.03
2025-12-03 00:24:25,3.28,227.8,0.67,50.05
2025-12-03 01:23:14,1.7,227.7,0.35,50.09
2025-12-03 01:24:25,3.08,227.6,0.63,50.06
2025-12-03 02:23:14,1.78,225.8,0.36,50.06
2025-12-03 02:24:25,3.5,230.7,0.73,50.1
2025-12-03 03:23:14,3.47,227.4,0.71,50.06
2025-12-03 03:24:25,1.9,228.1,0.39,49.94
2025-12-03 04:23:14,2.46,231.7,0.51,49.92
2025-12-03 04:24:25,1.21,230.4,0.25,50.01
2025-12-03 05:23:14,3.09,233.9,0.65,49.91
2025-12-03 05:24:25,3.49,226.1,0.71,50.07
2025-12-03 06:23:14,2.11,228.4,0.43,50.03
2025-12-03 06:24:25,2.39,232.8,0.5,50.08
2025-12-03 07:23:14,0.98,233.2,0.21,50.09
2025-12-03 07:24:25,2.63,226.9,0.54,49.96
2025-12-03 08:23:14,10.0,229.2,2.06,49.91
2025-12-03 08:24:25,9.92,226.2,2.02,50.0
2025-12-03 09:23:14,8.05,232.5,1.68,49.96
2025-12-03 09:24:25,12.48,230.1,2.58,50.07
2025-12-03 10:23:14,12.29,230.8,2.55,49.96
2025-12-03 10:24:25,14.52,233.3,3.05,49.95
2025-12-03 11:23:14,13.5,233.1,2.83,49.94
2025-12-03 11:24:25,13.47,228.3,2.77,50.04
2025-12-03 12:23:14,14.9,233.7,3.13,49.96
2025-12-03 12:24:25,6.77,232.9,1.42,50.08
2025-12-03 13:23:14,7.53,226.4,1.53,49.99
2025-12-03 13:24:25,13.93,229.6,2.88,49.93
2025-12-03 14:23:14,9.68,232.2,2.02,49.92
2025-12-03 14:24:25,14.54,229.7,3.01,49.97
2025-12-03 15:23:14,7.93,225.1,1.61,49.95
2025-12-03 15:24:25,6.61,228.5,1.36,49.98
2025-12-03 16:23:14,14.07,227.2,2.88,50.0
2025-12-03 16:24:25,11.69,226.3,2.38,50.02
2025-12-03 17:23:14,6.21,227.1,1.27,49.96
2025-12-03 17:24:25,9.6,230.5,1.99,50.05
2025-12-03 18:23:14,11.28,231.8,2.35,49.97
2025-12-03 18:24:25,8.14,227.3,1.67,50.05
2025-12-03 19:23:14,12.03,225.3,2.44,50.04
2025-12-03 19:24:25,11.1,225.8,2.26,49.96
2025-12-03 20:23:14,14.11,232.8,2.96,49.93
2025-12-03 20:24:25,12.61,231.8,2.63,50.01
2025-12-03 21:23:14,1.57,233.7,0.33,50.04
2025-12-03 21:24:25,2.63,225.4,0.53,49.9
2025-12-03 22:23:14,3.26,228.7,0.67,50.06
2025-12-03 22:24:25,2.73,225.8,0.55,50.05
2025-12-03 23:23:14,2.24,226.0,0.46,49.95
2025-12-03 23:24:25,2.94,229.2,0.61,50.03
2025-12-04 00:23:14,1.63,233.5,0.34,50.02
2025-12-04 00:24:25,1.67,228.8,0.34,49.98
2025-12-04 01:23:14,3.54,229.4,0.73,49.93
2025-12-04 01:24:25,3.86,230.9,0.8,49.93
2025-12-04 02:23:14,2.15,227.3,0.44,49.99
2025-12-04 02:24:25,0.98,226.3,0.2,50.04
2025-12-04 03:23:14,2.65,233.3,0.56,49.98
2025-12-04 03:24:25,0.75,227.7,0.15,49.95
2025-12-04 04:23:14,1.9,225.2,0.39,50.05
2025-12-04 04:24:25,2.52,232.9,0.53,49.96
2025-12-04 05:23:14,2.79,233.5,0.59,50.09
2025-12-04 05:24:25,1.34,227.3,0.27,49.99
2025-12-04 06:23:14,3.4,232.8,0.71,49.92
2025-12-04 06:24:25,3.04,228.0,0.62,49.95
2025-12-04 07:23:14,1.53,225.3,0.31,50.02
2025-12-04 07:24:25,0.61,225.3,0.12,50.04
2025-12-04 08:23:14,13.47,231.7,2.81,49.94
2025-12-04 08:24:25,8.3,234.8,1.75,50.08
2025-12-04 09:23:14,13.5,231.8,2.82,49.91
2025-12-04 09:24:25,12.57,233.1,2.64,49.91
2025-12-04 10:23:14,8.21,226.1,1.67,50.03
2025-12-04 10:24:25,12.2,231.6,2.54,50.05
2025-12-04 11:23:14,14.25,232.3,2.98,49.94
2025-12-04 11:24:25,10.21,226.9,2.08,50.01
2025-12-04 12:23:14,7.57,227.2,1.55,50.03
2025-12-04 12:24:25,9.57,229.4,1.98,50.04
2025-12-04 13:23:14,12.56,234.4,2.65,49.93
2025-12-04 13:24:25,7.93,229.2,1.64,49.93
2025-12-04 14:23:14,6.78,231.5,1.41,49.97
2025-12-04 14:24:25,9.63,233.1,2.02,49.94
2025-12-04 15:23:14,7.5,228.0,1.54,49.92
2025-12-04 15:24:25,6.72,230.8,1.4,49.96
2025-12-04 16:23:14,8.74,232.4,1.83,49.93
2025-12-04 16:24:25,5.94,226.7,1.21,49.91
2025-12-04 17:23:14,7.21,234.2,1.52,49.96
2025-12-04 17:24:25,5.13,225.1,1.04,50.09
2025-12-04 18:23:14,12.25,230.8,2.54,50.09
2025-12-04 18:24:25,9.22,226.5,1.88,50.07
2025-12-04 19:23:14,7.43,233.1,1.56,50.02
2025-12-04 19:24:25,7.49,228.4,1.54,50.05
2025-12-04 20:23:14,7.99,227.4,1.64,49.95
2025-12-04 20:24:25,14.67,232.8,3.07,50.03
2025-12-04 21:23:14,0.79,233.0,0.17,49.94
2025-12-04 21:24:25,1.55,232.6,0.32,50.02
2025-12-04 22:23:14,2.37,230.3,0.49,49.96
2025-12-04 22:24:25,0.53,227.4,0.11,49.94
2025-12-04 23:23:14,1.28,232.7,0.27,49.95
2025-12-04 23:24:25,3.14,229.2,0.65,49.98
2025-12-05 00:23:14,1.69,228.0,0.35,49.98
2025-12-05 00:24:25,3.25,232.3,0.68,49.9
2025-12-05 01:23:14,2.01,232.0,0.42,50.07
2025-12-05 01:24:25,3.75,228.9,0.77,49.96
2025-12-05 02:23:14,2.16,225.6,0.44,50.02
2025-12-05 02:24:25,2.92,228.2,0.6,49.93
2025-12-05 03:23:14,2.45,227.7,0.5,50.08
2025-12-05 03:24:25,0.57,226.8,0.12,49.99
2025-12-05 04:23:14,3.01,232.1,0.63,50.02
2025-12-05 04:24:25,3.57,233.4,0.75,50.09
2025-12-05 05:23:14,3.84,225.7,0.78,49.92
2025-12-05 05:24:25,2.62,227.5,0.54,49.98
2025-12-05 06:23:14,3.56,233.8,0.75,50.07
2025-12-05 06:24:25,2.41,234.0,0.51,50.03
2025-12-05 07:23:14,1.14,229.7,0.24,49.97
2025-12-05 07:24:25,2.95,229.2,0.61,50.0
2025-12-05 08:23:14,6.71,233.9,1.41,49.98
2025-12-05 08:24:25,14.26,226.9,2.91,50.07
2025-12-05 09:23:14,10.3,233.4,2.16,49.92
2025-12-05 09:24:25,11.49,231.3,2.39,49.99
2025-12-05 10:23:14,13.92,227.9,2.86,50.06
2025-12-05 10:24:25,5.44,226.1,1.11,50.09
2025-12-05 11:23:14,5.02,234.5,1.06,50.09
2025-12-05 11:24:25,12.3,234.8,2.6,49.96
2025-12-05 12:23:14,8.34,227.5,1.71,49.96
2025-12-05 12:24:25,7.53,233.1,1.58,50.07
2025-12-05 13:23:14,9.67,228.9,1.99,50.0
2025-12-05 13:24:25,9.33,227.2,1.91,50.0
2025-12-05 14:23:14,5.5,230.2,1.14,50.04
2025-12-05 14:24:25,10.44,226.9,2.13,49.96
2025-12-05 15:23:14,13.02,230.2,2.7,50.01
2025-12-05 15:24:25,5.34,234.6,1.13,49.95
2025-12-05 16:23:14,13.33,234.5,2.81,50.07
2025-12-05 16:24:25,11.84,229.6,2.45,49.94
2025-12-05 17:23:14,8.41,231.9,1.76,49.93
2025-12-05 17:24:25,14.16,230.3,2.93,49.93
2025-12-05 18:23:14,10.2,229.5,2.11,49.93
2025-12-05 18:24:25,12.37,234.5,2.61,49.93
2025-12-05 19:23:14,7.41,227.1,1.51,49.97
2025-12-05 19:24:25,5.79,232.2,1.21,50.09
2025-12-05 20:23:14,12.43,228.2,2.55,49.96
2025-12-05 20:24:25,9.42,226.4,1.92,49.95
2025-12-05 21:23:14,3.13,230.8,0.65,50.04
2025-12-05 21:24:25,1.54,231.1,0.32,50.07
2025-12-05 22:23:14,3.29,230.2,0.68,49.99
2025-12-05 22:24:25,0.95,234.9,0.2,50.03
2025-12-05 23:23:14,2.64,228.9,0.54,50.08
2025-12-05 23:24:25,2.33,226.3,0.47,49.91
2025-12-06 00:23:14,1.3,233.3,0.27,49.96
2025-12-06 00:24:25,2.05,231.9,0.43,49.96
2025-12-06 01:23:14,0.53,232.3,0.11,49.98
2025-12-06 01:24:25,3.69,232.9,0.77,50.04
2025-12-06 02:23:14,3.57,229.0,0.74,49.92
2025-12-06 02:24:25,1.98,230.0,0.41,50.0
2025-12-06 03:23:14,2.32,225.0,0.47,49.99
2025-12-06 03:24:25,3.58,233.5,0.75,49.92
2025-12-06 04:23:14,1.21,231.2,0.25,49.96
2025-12-06 04:24:25,0.51,234.5,0.11,49.94
2025-12-06 05:23:14,0.8,234.8,0.17,50.09
2025-12-06 05:24:25,1.77,227.8,0.36,50.04
2025-12-06 06:23:14,3.64,226.5,0.74,50.02
2025-12-06 06:24:25,0.91,226.3,0.19,50.08
2025-12-06 07:23:14,2.56,231.6,0.53,50.09
2025-12-06 07:24:25,1.72,227.8,0.35,50.09
2025-12-06 08:23:14,13.03,233.0,2.73,50.02
2025-12-06 08:24:25,12.28,234.3,2.59,50.04
2025-12-06 09:23:14,7.96,231.1,1.66,50.02
2025-12-06 09:24:25,7.27,228.3,1.49,49.94
2025-12-06 10:23:14,7.49,229.6,1.55,50.06
2025-12-06 10:24:25,12.19,230.7,2.53,50.0
2025-12-06 11:23:14,14.2,230.2,2.94,49.95
2025-12-06 11:24:25,10.63,233.1,2.23,50.09
2025-12-06 12:23:14,11.0,228.2,2.26,50.06
2025-12-06 12:24:25,7.03,234.9,1.49,49.92
2025-12-06 13:23:14,9.16,229.2,1.89,50.06
2025-12-06 13:24:25,10.7,233.0,2.24,50.09
2025-12-06 14:23:14,11.49,225.3,2.33,49.98
2025-12-06 14:24:25,13.93,232.5,2.91,50.08
2025-12-06 15:23:14,11.38,227.9,2.33,49.97
2025-12-06 15:24:25,11.53,228.0,2.37,50.09
2025-12-06 16:23:14,12.28,226.5,2.5,49.97
2025-12-06 16:24:25,10.21,233.6,2.15,49.9
2025-12-06 17:23:14,10.77,233.7,2.27,49.93
2025-12-06 17:24:25,10.71,229.1,2.21,50.07
2025-12-06 18:23:14,10.77,228.1,2.21,50.01
2025-12-06 18:24:25,13.84,226.3,2.82,50.07
2025-12-06 19:23:14,8.39,229.8,1.74,50.02
2025-12-06 19:24:25,9.19,233.2,1.93,50.08
2025-12-06 20:23:14,7.04,230.6,1.46,50.0
2025-12-06 20:24:25,14.8,229.4,3.06,49.95
2025-12-06 21:23:14,0.6,226.3,0.12,49.97
2025-12-06 21:24:25,2.74,226.7,0.56,49.95
2025-12-06 22:23:14,3.63,229.8,0.75,49.9
2025-12-06 22:24:25,1.4,229.8,0.29,50.03
2025-12-06 23:23:14,2.3,233.9,0.48,49.92
2025-12-06 23:24:25,2.75,229.4,0.57,49.98
2025-12-07 00:23:14,0.82,229.9,0.17,50.02
2025-12-07 00:24:25,2.31,232.9,0.48,49.93
2025-12-07 01:23:14,2.85,232.5,0.6,49.9
2025-12-07 01:24:25,2.75,234.5,0.58,50.06
2025-12-07 02:23:14,2.17,230.8,0.45,49.93
2025-12-07 02:24:25,2.48,232.7,0.52,49.93
2025-12-07 03:23:14,3.5,229.7,0.72,49.91
2025-12-07 03:24:25,3.24,231.4,0.67,49.98
2025-12-07 04:23:14,0.91,231.6,0.19,49.91
2025-12-07 04:24:25,2.37,233.4,0.5,49.92
2025-12-07 05:23:14,2.26,234.0,0.48,49.94
2025-12-07 05:24:25,2.72,231.4,0.57,49.99
2025-12-07 06:23:14,1.59,228.8,0.33,49.9
2025-12-07 06:24:25,2.03,232.6,0.42,49.91
2025-12-07 07:23:14,3.58,230.5,0.74,49.99
2025-12-07 07:24:25,0.88,225.1,0.18,50.05
2025-12-07 08:23:14,9.21,227.7,1.89,50.04
2025-12-07 08:24:25,6.46,233.4,1.36,49.9
2025-12-07 09:23:14,11.75,229.7,2.43,50.03
2025-12-07 09:24:25,5.29,234.5,1.12,50.09
2025-12-07 10:23:14,6.86,233.8,1.44,50.09
2025-12-07 10:24:25,10.85,231.0,2.26,49.93
2025-12-07 11:23:14,7.56,231.6,1.58,50.08
2025-12-07 11:24:25,11.42,234.5,2.41,49.9
2025-12-07 12:23:14,14.79,226.6,3.02,50.08
2025-12-07 12:24:25,5.88,227.5,1.2,50.09
2025-12-07 13:23:14,5.75,226.3,1.17,50.09
2025-12-07 13:24:25,12.47,226.3,2.54,49.92
2025-12-07 14:23:14,8.16,234.7,1.72,49.96
2025-12-07 14:24:25,5.84,225.1,1.18,50.05
2025-12-07 15:23:14,13.27,234.3,2.8,50.06
2025-12-07 15:24:25,5.44,225.9,1.11,49.96
2025-12-07 16:23:14,10.0,233.6,2.1,50.07
2025-12-07 16:24:25,9.17,229.5,1.89,49.98
2025-12-07 17:23:14,5.37,232.0,1.12,49.96
2025-12-07 17:24:25,10.96,232.6,2.29,50.07
2025-12-07 18:23:14,10.79,227.1,2.21,50.08
2025-12-07 18:24:25,10.58,233.8,2.23,49.9
2025-12-07 19:23:14,12.75,234.5,2.69,50.09
2025-12-07 19:24:25,13.93,233.7,2.93,49.95
2025-12-07 20:23:14,12.88,228.2,2.65,49.91
2025-12-07 20:24:25,7.89,229.9,1.63,49.99
2025-12-07 21:23:14,2.48,230.7,0.51,50.07
2025-12-07 21:24:25,1.75,232.2,0.37,49.92
2025-12-07 22:23:14,3.86,234.1,0.81,50.03
2025-12-07 22:24:25,0.57,229.6,0.12,49.9
2025-12-07 23:23:14,3.74,230.5,0.78,49.93
2025-12-07 23:24:25,3.82,225.0,0.77,49.94
2025-12-08 00:23:14,3.34,229.1,0.69,50.05
2025-12-08 00:24:25,0.52,230.3,0.11,49.93
2025-12-08 01:23:14,2.53,233.2,0.53,49.94
2025-12-08 01:24:25,0.68,234.9,0.14,50.06
2025-12-08 02:23:14,2.22,227.1,0.45,49.92
2025-12-08 02:24:25,3.51,225.9,0.71,50.06
2025-12-08 03:23:14,3.25,228.3,0.67,50.0
2025-12-08 03:24:25,3.13,233.5,0.66,50.03
2025-12-08 04:23:14,3.44,226.7,0.7,49.99
2025-12-08 04:24:25,0.9,233.2,0.19,49.91
2025-12-08 05:23:14,3.05,231.6,0.64,50.08
2025-12-08 05:24:25,2.68,233.2,0.56,49.94
2025-12-08 06:23:14,1.56,232.3,0.33,49.93
2025-12-08 06:24:25,0.79,234.8,0.17,50.1
2025-12-08 07:23:14,3.25,229.7,0.67,50.09
2025-12-08 07:24:25,0.74,232.5,0.15,50.03
2025-12-08 08:23:14,8.48,234.3,1.79,49.98
2025-12-08 08:24:25,6.29,233.5,1.32,50.05
2025-12-08 09:23:14,10.95,228.1,2.25,49.98
2025-12-08 09:24:25,13.49,228.3,2.77,49.94
2025-12-08 10:23:14,10.0,227.7,2.05,50.01
2025-12-08 10:24:25,13.87,230.2,2.87,49.91
2025-12-08 11:23:14,9.85,230.6,2.04,49.97
2025-12-08 11:24:25,9.96,228.3,2.05,50.03
2025-12-08 12:23:14,12.38,227.6,2.54,50.07
2025-12-08 12:24:25,14.25,226.4,2.9,49.97
2025-12-08 13:23:14,6.15,232.0,1.28,50.1
2025-12-08 13:24:25,11.03,226.4,2.25,50.08
2025-12-08 14:23:14,14.1,234.7,2.98,50.02
2025-12-08 14:24:25,8.83,232.5,1.85,50.04
2025-12-08 15:23:14,8.76,232.3,1.83,49.99
2025-12-08 15:24:25,7.72,229.2,1.59,49.93
2025-12-08 16:23:14,7.08,231.6,1.48,50.05
2025-12-08 16:24:25,9.06,235.0,1.92,50.02
2025-12-08 17:23:14,14.25,228.8,2.93,50.06
2025-12-08 17:24:25,8.72,225.3,1.77,49.95
2025-12-08 18:23:14,9.92,231.5,2.07,50.03
2025-12-08 18:24:25,5.38,230.6,1.12,50.01
2025-12-08 19:23:14,7.99,226.8,1.63,49.96
2025-12-08 19:24:25,12.82,225.5,2.6,49.97
2025-12-08 20:23:14,12.4,227.0,2.53,49.96
2025-12-08 20:24:25,13.71,226.6,2.8,49.91
